AA,1,2,3,4,5,6,7,8,9,10,11,12,13,14,15,16,17,18,19,20,21,22,23,24,25,26,27,28,29,30,31,32,33,34,35,36,37,38,39,40,41,42,43,44,45,46,47,48,49,50,51,52,53,54,55,56,57,58,59,60,61,62,63,64,65,66,67,68,69,70,71,72,73,74,75,76,77,78,79,80,81,82,83,84,85,86,87,88,89,90,91,92,93,94,95,96
A,-,-,-,-,-,-,-,-,-,-,-,-,-,-,-,-,-,-,-,-,-,-0.06101337248964085,0.10573129009475435,-0.03544515392087578,0.8810041615348281,0.4428270182835663,0.5041689664146308,0.47132647462921895,0.2110375712166479,-0.10794303314991381,0.9682119230960045,0.6868151405299798,0.11616213757665653,0.009816814357218692,0.6187339477347418,2.564141638364058,0.0,-0.4674433492447027,-0.053070585172386164,0.5800188662775005,0.6992974754294535,0.08077521679856321,0.31846228606275695,0.00957103327890286,0.8262544044862106,0.049259034133910945,0.03705515194176874,-0.4489622024841698,0.17316607162158004,0.9078673762025213,-0.03497924735560333,1.130195850317142,0.2538273880928612,1.1597859787135354,0.9317186666536692,-0.9334536696670528,1.6366755031243572,1.7490782666236804,0.31368241554222204,0.34851556310223686,0.6400795014502624,0.3850962181313451,0.0,1.524171151914608,1.6500406124884446,0.7493373377445756,2.1819132850296925,0.20358367963690333,0.6523023697671005,0.6661467516101169,0.8304325860870424,0.5770494287969171,0.028521375407142453,0.5370650939541,0.0,-0.04582479757309211,2.1391337531674397,0.4937105066367634,1.524171151914608,2.622776721013012,0.0,2.1080673567947352,1.6526677347672292,0.10163967009497833,0.6617645032977264,1.289023346729587,1.0271427467079481,0.036871234865412154,-0.06976613732151289,-0.01110919972351424,0.048260911128906875,0.005374997040778679,-,-,-,-
R,-,-,-,-,-,-,-,-,-,-,-,-,-,-,-,-,-,-,-,-,-,-0.044289963982506834,-0.15079612086671013,0.036447603027506124,0.6537334755411353,0.4428270182835663,0.4056020055920477,0.47132647462921895,0.19523693015144739,0.18220503418315026,0.8437538679756533,0.6868151405299798,0.11616213757665653,-1.5671309288344468,-0.4942298305252346,2.564141638364058,1.2934627009564463,-0.09167715084314894,0.11211307404075421,0.5317632865384726,0.7288755187166056,0.11035326008571526,0.31846228606275695,-0.37636829556941404,0.9135426981140895,-0.2055707006037375,0.09600857451070746,0.10343345859085785,0.2059288794889476,0.4944823305266799,0.17298491713777697,0.5491335383454651,0.2538273880928612,0.5557188253201577,0.8902837604331238,0.03348790685403909,1.6366755031243572,0.0,-0.6353122706703583,0.34851556310223686,0.6400795014502624,0.37483432759964663,0.5392297535584385,1.524171151914608,1.6500406124884446,0.7493373377445756,2.1819132850296925,-1.116406362786351,0.6523023697671005,0.6661467516101169,0.8710372628751317,0.5971089233853524,0.028521375407142453,0.5370650939541,1.278935085325938,0.21536041199320474,2.082001698565402,0.4937105066367634,1.524171151914608,2.622776721013012,1.3230407442435985,2.077549482133229,1.6969118797664244,0.10163967009497833,0.6617645032977264,1.289023346729587,0.9892880812032232,0.0,-0.11028358350634482,-0.358563067632312,-0.15951046134202918,-0.012345480346153882,-,-,-,-
N,-,-,-,-,-,-,-,-,-,-,-,-,-,-,-,-,-,-,-,-,-,0.017866785182459426,0.10573129009475435,0.036447603027506124,0.9160230006668402,0.40875248164929756,0.5041689664146308,0.47132647462921895,0.20608192070089293,0.15450334007866812,0.9882714176844396,0.6868151405299798,0.0,0.02766290475590835,0.5785991021865599,2.564141638364058,1.2934627009564463,0.04028739874212133,0.14122836844692416,0.5800188662775005,0.7288755187166056,0.0,0.31846228606275695,-0.06908894993466566,0.9412832397978952,0.0,-0.0062011609567978,0.10343345859085785,0.0561200402355346,0.9876565095525762,-0.05922212587194042,1.037012203916324,0.2538273880928612,1.2166095455662518,0.9317186666536692,-0.02176819363042521,1.6366755031243572,1.7490782666236804,0.31368241554222204,0.34851556310223686,0.6400795014502624,0.4075607162670573,0.5392297535584385,0.0,1.6500406124884446,0.7493373377445756,2.1819132850296925,0.351263000325277,0.6523023697671005,0.6661467516101169,0.8710372628751317,0.5971089233853524,0.028521375407142453,0.5370650939541,1.278935085325938,0.21536041199320474,2.1391337531674397,0.4937105066367634,0.0,2.622776721013012,1.3230407442435985,2.0677249073193287,1.6969118797664244,0.10163967009497833,0.6617645032977264,1.289023346729587,1.0334965028247658,0.03728241484129857,-0.032283883707344474,-0.02141492080326162,-0.0024280230848788224,-0.08887735809563656,-,-,-,-
D,-,-,-,-,-,-,-,-,-,-,-,-,-,-,-,-,-,-,-,-,-,0.018398086450721503,0.10573129009475435,0.036447603027506124,0.8203226085884141,0.4428270182835663,0.5041689664146308,0.47132647462921895,0.0,0.052567373714560287,0.9292938346025588,0.6868151405299798,-0.4416230534416114,0.02766290475590835,0.6187339477347418,2.564141638364058,1.2934627009564463,0.04028739874212133,0.11275736722645771,0.5800188662775005,0.7288755187166056,0.11035326008571526,0.31846228606275695,0.00957103327890286,0.4684267995718963,0.0671051245326006,0.09600857451070746,0.10343345859085785,0.07629121902035768,0.9876565095525762,-0.14145074236482205,1.130195850317142,0.2538273880928612,1.2166095455662518,0.22277961038827312,0.03348790685403909,1.6366755031243572,1.7490782666236804,0.31368241554222204,0.34851556310223686,0.6400795014502624,0.4075607162670573,0.5392297535584385,1.524171151914608,1.6500406124884446,0.7493373377445756,0.0,0.351263000325277,0.6059937220197577,0.6661467516101169,0.8710372628751317,0.5971089233853524,0.028521375407142453,0.5370650939541,1.278935085325938,0.21536041199320474,2.1391337531674397,0.4937105066367634,1.524171151914608,2.622776721013012,1.3230407442435985,2.1080673567947352,0.0,0.10163967009497833,0.6617645032977264,0.7779515964919983,1.019450469253396,0.054859222698186286,-0.15632778554345061,0.006929098143378699,0.026877986235558045,0.02475225078328328,-,-,-,-
C,-,-,-,-,-,-,-,-,-,-,-,-,-,-,-,-,-,-,-,-,-,0.033732611722194536,0.10573129009475435,0.036447603027506124,0.9160230006668402,0.4428270182835663,0.5041689664146308,0.47132647462921895,0.25236898475348507,0.18220503418315026,0.9882714176844396,0.6868151405299798,0.11616213757665653,0.02766290475590835,0.6187339477347418,2.564141638364058,1.2934627009564463,0.035918224896315576,0.14122836844692416,0.5800188662775005,0.7288755187166056,0.11035326008571526,0.3148333328290742,0.00957103327890286,0.9412832397978952,0.0671051245326006,0.09600857451070746,0.10343345859085785,0.2059288794889476,0.9876565095525762,0.17298491713777697,1.130195850317142,0.2538273880928612,1.2166095455662518,0.9317186666536692,0.03348790685403909,1.6366755031243572,1.7490782666236804,0.31368241554222204,0.34851556310223686,0.6400795014502624,0.4075607162670573,0.5392297535584385,1.524171151914608,1.6500406124884446,0.7493373377445756,2.1819132850296925,0.351263000325277,0.6523023697671005,0.6661467516101169,0.8710372628751317,0.5971089233853524,0.028521375407142453,0.5370650939541,1.278935085325938,0.21536041199320474,2.1391337531674397,0.4937105066367634,1.524171151914608,2.622776721013012,1.3230407442435985,2.1080673567947352,1.6969118797664244,0.10163967009497833,0.6617645032977264,1.289023346729587,1.0510733106816534,0.054859222698186286,0.03460760527775923,0.006929098143378699,0.07219147510261226,0.02475225078328328,-,-,-,-
Q,-,-,-,-,-,-,-,-,-,-,-,-,-,-,-,-,-,-,-,-,-,-0.22092237865527936,0.10573129009475435,0.036447603027506124,0.9160230006668402,0.4428270182835663,0.5041689664146308,0.4285078663365403,0.1472103334614381,-0.043033034669636545,0.9047003969254067,0.6868151405299798,0.11616213757665653,0.02766290475590835,0.6187339477347418,2.564141638364058,1.2934627009564463,0.04028739874212133,0.0,0.5800188662775005,0.7288755187166056,0.07352658523192429,0.31846228606275695,-0.01860963189165002,0.8423801214596669,0.0671051245326006,-0.023564916963480155,-0.03458978639732408,0.18393441524981372,0.9876565095525762,0.14845755807560468,1.08301681457541,0.2538273880928612,1.102211400302964,0.9317186666536692,-0.022087213224163578,1.6366755031243572,1.7490782666236804,0.05006748543473019,0.34851556310223686,0.6400795014502624,0.4075607162670573,0.5392297535584385,1.524171151914608,1.6500406124884446,0.7493373377445756,2.1819132850296925,0.351263000325277,0.6523023697671005,0.6661467516101169,0.8710372628751317,0.5971089233853524,0.028521375407142453,0.5370650939541,1.278935085325938,0.21536041199320474,2.1391337531674397,0.4937105066367634,1.524171151914608,2.622776721013012,1.3230407442435985,2.1080673567947352,1.6969118797664244,0.10163967009497833,0.6617645032977264,1.289023346729587,1.0313471987045464,0.03190056638400381,0.03460760527775923,-0.029920046596824353,0.07219147510261226,-0.012100375973216074,-,-,-,-
E,-,-,-,-,-,-,-,-,-,-,-,-,-,-,-,-,-,-,-,-,-,-0.050817611556517414,0.10573129009475435,0.036447603027506124,0.6917764590019475,0.2824776387193568,0.5041689664146308,0.47132647462921895,-0.6474803263624129,0.15708329893849202,0.9303514669400088,0.6868151405299798,0.11616213757665653,0.02766290475590835,0.6187339477347418,0.0,1.2934627009564463,0.04028739874212133,0.10278816150881176,0.5800188662775005,0.7288755187166056,-0.06128795286987251,0.2598272034138025,-0.049064049370051564,0.0,0.0671051245326006,0.09600857451070746,0.10343345859085785,0.2059288794889476,0.9297365588081452,-0.323654020317514,1.130195850317142,0.2538273880928612,1.2166095455662518,0.0,0.03348790685403909,1.6366755031243572,1.7490782666236804,0.31368241554222204,0.34851556310223686,0.6400795014502624,0.4075607162670573,0.5392297535584385,1.524171151914608,1.6500406124884446,0.7493373377445756,2.1819132850296925,0.351263000325277,0.6523023697671005,0.6661467516101169,0.8710372628751317,0.5971089233853524,0.028521375407142453,0.5370650939541,1.278935085325938,0.21536041199320474,2.1391337531674397,0.4937105066367634,1.524171151914608,0.0,1.3230407442435985,2.1080673567947352,1.2407955350264872,0.10163967009497833,0.6617645032977264,0.0,1.0154141853289886,-0.16067609971052332,-0.11608176005341203,0.006929098143378699,0.07219147510261226,0.02475225078328328,-,-,-,-
G,-,-,-,-,-,-,-,-,-,-,-,-,-,-,-,-,-,-,-,-,-,0.0,0.07712080728193783,-0.004278783425298541,0.9160230006668402,0.0,0.0,0.47132647462921895,0.25236898475348507,0.16731258469476776,0.9882714176844396,0.6868151405299798,0.11616213757665653,0.02766290475590835,0.6187339477347418,2.564141638364058,1.2934627009564463,-0.007238978503116313,0.14122836844692416,0.5800188662775005,0.7288755187166056,-0.3882221837036085,0.31846228606275695,-0.031155353173901806,0.9412832397978952,-0.04301663430625645,0.04058944375800272,0.10343345859085785,0.15424553217925907,0.9876565095525762,0.17298491713777697,1.130195850317142,0.2538273880928612,1.2166095455662518,0.9317186666536692,0.03348790685403909,1.6366755031243572,1.7490782666236804,0.31368241554222204,0.34851556310223686,0.6400795014502624,0.4075607162670573,0.5392297535584385,1.524171151914608,1.6500406124884446,0.7493373377445756,2.168068903186676,0.351263000325277,0.0,0.0,0.8710372628751317,0.5971089233853524,0.028521375407142453,0.5370650939541,1.278935085325938,0.18562663790314796,2.1391337531674397,0.4937105066367634,1.524171151914608,2.622776721013012,1.3230407442435985,2.1080673567947352,1.6969118797664244,0.10163967009497833,0.6617645032977264,1.2809005162962372,0.9064751491847532,0.03693668645743198,0.0,-0.08909110857440596,0.005347955957405812,-0.07943064973992953,-,-,-,-
H,-,-,-,-,-,-,-,-,-,-,-,-,-,-,-,-,-,-,-,-,-,0.020892371843986582,0.10573129009475435,0.018511356450618206,0.9160230006668402,0.4428270182835663,0.5041689664146308,0.47132647462921895,0.25236898475348507,0.1373436024476288,0.9882714176844396,0.6868151405299798,0.06321388364037919,0.02766290475590835,0.6187339477347418,2.564141638364058,1.2934627009564463,0.04028739874212133,0.14122836844692416,0.5800188662775005,0.7288755187166056,0.11035326008571526,0.31846228606275695,0.00957103327890286,0.9412832397978952,0.0671051245326006,0.043855538881376076,0.10343345859085785,0.2059288794889476,0.9876565095525762,0.17298491713777697,1.130195850317142,0.2538273880928612,1.2166095455662518,0.9317186666536692,-0.0701337583208955,0.0,1.7490782666236804,0.03020470278727526,0.34851556310223686,0.6400795014502624,0.4075607162670573,0.5392297535584385,1.524171151914608,0.0,0.7493373377445756,2.1819132850296925,0.3204582853120222,0.6523023697671005,0.6661467516101169,0.8710372628751317,0.4453512986777984,0.028521375407142453,0.5370650939541,1.278935085325938,0.21536041199320474,2.1391337531674397,0.4937105066367634,1.524171151914608,2.622776721013012,1.3230407442435985,2.1080673567947352,1.6969118797664244,0.10163967009497833,0.6617645032977264,1.289023346729587,1.0510733106816534,0.054859222698186286,0.018373329565498468,-0.0032212026996005145,0.07219147510261226,0.02475225078328328,-,-,-,-
I,-,-,-,-,-,-,-,-,-,-,-,-,-,-,-,-,-,-,-,-,-,0.045568479286941556,0.10573129009475435,0.017231869568126723,0.9081635132734269,0.4428270182835663,0.5041689664146308,0.47132647462921895,0.23861760904625606,0.18220503418315026,0.9882714176844396,0.675635636977337,0.11616213757665653,0.02766290475590835,0.6187339477347418,2.564141638364058,1.2934627009564463,-0.05869417348586686,0.14122836844692416,0.0,0.7288755187166056,0.11035326008571526,0.2311525533074404,0.00957103327890286,0.9412832397978952,0.0671051245326006,0.09600857451070746,0.046230159057504314,0.2059288794889476,0.9831159143267545,0.1473136032146802,1.1109801168577627,0.019082079294563545,1.2166095455662518,0.9317186666536692,0.03348790685403909,1.6366755031243572,1.7490782666236804,0.31368241554222204,0.0,0.6161163858862997,0.23253891001962587,0.5018703195230557,1.524171151914608,1.6500406124884446,0.7493373377445756,2.1819132850296925,0.351263000325277,0.6523023697671005,0.6661467516101169,0.8710372628751317,0.5971089233853524,0.028521375407142453,0.4066304086088281,1.278935085325938,0.21536041199320474,2.1391337531674397,0.0,1.524171151914608,2.622776721013012,1.3230407442435985,2.1080673567947352,1.6969118797664244,0.10163967009497833,0.6546710748186211,1.2709932037872855,1.0510733106816534,0.048967555045305575,0.03460760527775923,0.0,0.07219147510261226,0.02475225078328328,-,-,-,-
L,-,-,-,-,-,-,-,-,-,-,-,-,-,-,-,-,-,-,-,-,-,-0.02937080660423807,0.08906385033974351,0.0,0.8471519994785204,0.4428270182835663,0.5041689664146308,0.47132647462921895,0.24374815777900827,0.18220503418315026,0.9882714176844396,0.6868151405299798,0.11616213757665653,0.02766290475590835,0.6187339477347418,2.564141638364058,1.2934627009564463,0.0,-0.2867146323822378,0.5800188662775005,0.0,0.11035326008571526,0.0,0.00957103327890286,0.9412832397978952,0.0671051245326006,0.09600857451070746,0.0,0.08062434000442707,0.9776001094826012,0.13027093833990847,1.1115206876789887,0.0,1.2166095455662518,0.9317186666536692,0.03348790685403909,1.6366755031243572,1.7490782666236804,0.31368241554222204,0.16351361717449167,0.5718402754525475,0.0,0.24923975080226293,1.524171151914608,1.6500406124884446,0.7493373377445756,2.1819132850296925,0.351263000325277,0.6523023697671005,0.6661467516101169,0.8710372628751317,0.5971089233853524,0.028521375407142453,0.0,1.278935085325938,0.21536041199320474,2.1391337531674397,0.4937105066367634,1.524171151914608,2.622776721013012,1.3230407442435985,2.1080673567947352,1.6969118797664244,-0.2470045536481424,0.0,1.1878158446771425,1.0510733106816534,0.04268442416530952,0.025081465099208375,0.006929098143378699,0.07219147510261226,0.02475225078328328,-,-,-,-
K,-,-,-,-,-,-,-,-,-,-,-,-,-,-,-,-,-,-,-,-,-,-0.30765602945240017,0.10573129009475435,0.036447603027506124,0.0,0.3484550131587918,0.5041689664146308,0.47132647462921895,-0.1306612638520308,0.1230873431945962,0.0,0.6868151405299798,0.11616213757665653,-0.39976872127797314,0.0,2.564141638364058,1.2934627009564463,0.012211594508389018,-0.13660300382017615,0.5800188662775005,0.7288755187166056,0.11035326008571526,0.31846228606275695,-0.5024217057511063,0.9412832397978952,0.0671051245326006,0.09600857451070746,0.10343345859085785,0.14439934356961504,0.0,0.0,0.0,0.2538273880928612,0.0,0.42543336779755425,-0.14931273043761592,1.6366755031243572,1.332301402557062,0.0,0.34851556310223686,0.6400795014502624,0.4075607162670573,0.5392297535584385,1.524171151914608,1.6500406124884446,0.7493373377445756,2.1819132850296925,0.0,0.6523023697671005,0.6661467516101169,0.8710372628751317,0.5971089233853524,0.028521375407142453,0.5370650939541,1.278935085325938,0.21536041199320474,0.0,0.4937105066367634,1.524171151914608,2.622776721013012,1.3230407442435985,0.0,1.6969118797664244,0.08848069026521804,0.6617645032977264,1.289023346729587,0.0,-0.3880205568429119,-0.16283549649427298,-0.4870967608084414,-0.12158084952683659,0.0,-,-,-,-
M,-,-,-,-,-,-,-,-,-,-,-,-,-,-,-,-,-,-,-,-,-,0.045568479286941556,0.10573129009475435,0.036447603027506124,0.9160230006668402,0.4428270182835663,0.5041689664146308,0.47132647462921895,0.25236898475348507,0.18220503418315026,0.9882714176844396,0.0,0.11616213757665653,0.02766290475590835,0.6187339477347418,2.564141638364058,1.2934627009564463,0.029879550644285192,0.12321177527390798,0.5800188662775005,0.7288755187166056,0.11035326008571526,0.3000227624720085,0.00957103327890286,0.9412832397978952,0.0671051245326006,0.09600857451070746,0.08902318299708392,0.19633134887335602,0.958546412488298,0.17298491713777697,1.110390271957745,0.24132820936357283,1.2166095455662518,0.9317186666536692,0.03348790685403909,1.6366755031243572,1.7490782666236804,0.31368241554222204,0.31533077173353513,0.0,0.3774237241115477,0.5392297535584385,1.524171151914608,1.6500406124884446,0.7493373377445756,2.1819132850296925,0.34010195828617357,0.6523023697671005,0.6661467516101169,0.8710372628751317,0.5971089233853524,0.028521375407142453,0.5258532662647258,1.278935085325938,0.21536041199320474,2.1391337531674397,0.4937105066367634,1.524171151914608,2.622776721013012,1.3230407442435985,2.1080673567947352,1.6969118797664244,-0.01647413587266396,0.6124506878517385,1.289023346729587,1.0510733106816534,0.03431949707948888,0.0029911447702940658,0.006929098143378699,0.07219147510261226,0.02475225078328328,-,-,-,-
F,-,-,-,-,-,-,-,-,-,-,-,-,-,-,-,-,-,-,-,-,-,0.045568479286941556,0.0,0.036447603027506124,0.9160230006668402,0.4428270182835663,0.5041689664146308,0.0,0.25236898475348507,0.18220503418315026,0.9882714176844396,0.6868151405299798,0.11616213757665653,0.02766290475590835,0.6187339477347418,2.564141638364058,1.2934627009564463,0.02194282248728469,0.14122836844692416,0.5800188662775005,0.7288755187166056,0.11035326008571526,0.31846228606275695,0.00957103327890286,0.9412832397978952,0.0671051245326006,0.09600857451070746,0.10343345859085785,0.2059288794889476,0.9876565095525762,0.17298491713777697,1.130195850317142,0.23760139366749353,1.2166095455662518,0.9317186666536692,0.03348790685403909,1.6156154634702369,1.7490782666236804,0.31368241554222204,0.34851556310223686,0.6400795014502624,0.4075607162670573,0.5392297535584385,1.524171151914608,1.6500406124884446,0.7493373377445756,2.1819132850296925,0.351263000325277,0.6523023697671005,0.6661467516101169,0.8710372628751317,0.5971089233853524,0.0,0.5370650939541,1.278935085325938,0.21536041199320474,2.1391337531674397,0.4937105066367634,1.524171151914608,2.622776721013012,1.3230407442435985,2.1080673567947352,1.6969118797664244,0.0,0.6455385088723588,1.289023346729587,1.0510733106816534,0.054859222698186286,0.03460760527775923,0.006929098143378699,0.07219147510261226,0.02475225078328328,-,-,-,-
P,-,-,-,-,-,-,-,-,-,-,-,-,-,-,-,-,-,-,-,-,-,0.03599385660522429,0.10573129009475435,0.036447603027506124,0.9160230006668402,0.4428270182835663,0.49280776810172977,0.47132647462921895,0.25236898475348507,0.0,0.9560879641575347,0.6868151405299798,0.11616213757665653,0.02766290475590835,0.6041076261233442,2.564141638364058,1.2934627009564463,0.04028739874212133,0.14122836844692416,0.5800188662775005,0.7288755187166056,0.11035326008571526,0.31846228606275695,-0.03667610443886421,0.7535384905256577,0.0671051245326006,-0.03987038285855657,0.10343345859085785,0.1691234524193981,0.923668740332665,0.17298491713777697,1.130195850317142,0.2538273880928612,1.2166095455662518,0.9317186666536692,0.03348790685403909,1.6366755031243572,1.7490782666236804,0.31368241554222204,0.34851556310223686,0.6400795014502624,0.4075607162670573,0.5392297535584385,1.524171151914608,1.6500406124884446,0.0,2.1819132850296925,0.351263000325277,0.6523023697671005,0.6661467516101169,0.8710372628751317,0.0,0.028521375407142453,0.5370650939541,1.278935085325938,0.21536041199320474,2.1391337531674397,0.4937105066367634,1.524171151914608,2.622776721013012,1.3230407442435985,2.1080673567947352,1.6969118797664244,0.10163967009497833,0.6617645032977264,1.289023346729587,1.0510733106816534,0.04389418154543021,0.019981283666361607,0.006929098143378699,0.07219147510261226,0.02475225078328328,-,-,-,-
S,-,-,-,-,-,-,-,-,-,-,-,-,-,-,-,-,-,-,-,-,-,0.045568479286941556,0.10573129009475435,0.036447603027506124,0.9160230006668402,0.41904204017769225,0.5041689664146308,0.47132647462921895,0.25236898475348507,0.16848646041184123,0.9776362784443182,0.6868151405299798,-0.12158378106044032,0.0,0.5363899360274337,2.564141638364058,1.2934627009564463,-0.11309847914727,0.14122836844692416,0.5800188662775005,0.7288755187166056,0.0487191432574139,0.31846228606275695,-0.3163437857566337,0.9412832397978952,0.038032179107926625,-0.25743431953764595,0.06448342856876146,0.041466804692666476,0.9457884894755915,0.15234534850178583,1.130195850317142,0.2538273880928612,1.2166095455662518,0.9317186666536692,0.03348790685403909,1.6366755031243572,1.7490782666236804,0.29117291028471504,0.34851556310223686,0.6400795014502624,0.39194772617640583,0.46704081709115647,1.524171151914608,1.6500406124884446,0.7493373377445756,2.1819132850296925,0.351263000325277,0.6523023697671005,0.6661467516101169,0.0,0.5772643807875433,0.0098456326040846,0.5370650939541,1.2653105720231919,-0.22163891375950812,2.1391337531674397,0.4937105066367634,1.524171151914608,2.622776721013012,1.3230407442435985,2.1080673567947352,1.6969118797664244,0.07785469198910433,0.6617645032977264,1.2504284838789217,0.9260040663675392,-0.06236406690953769,-0.037671352004246754,-0.058790498921098056,0.0,-0.03282496560420656,-,-,-,-
T,-,-,-,-,-,-,-,-,-,-,-,-,-,-,-,-,-,-,-,-,-,0.045568479286941556,0.10573129009475435,0.036447603027506124,0.9160230006668402,0.4428270182835663,0.5041689664146308,0.47132647462921895,0.25236898475348507,0.17097044988041946,0.89614067134388,0.6868151405299798,-0.18570821394058842,0.02766290475590835,0.5822428177137087,2.564141638364058,1.2934627009564463,0.04028739874212133,0.14122836844692416,0.5800188662775005,0.7288755187166056,0.11035326008571526,0.2956030562990751,0.0,0.9412832397978952,-0.0002812266189959438,0.0,0.014743255116336777,0.0,0.9556563786609016,0.06291471978683427,1.0937047202961092,0.2538273880928612,1.1941210415400247,0.8663089860442473,0.03348790685403909,1.6366755031243572,1.7490782666236804,0.26072525072216074,0.34851556310223686,0.6400795014502624,0.4075607162670573,0.5392297535584385,1.524171151914608,1.6500406124884446,0.7493373377445756,2.1819132850296925,0.33832251756979054,0.6523023697671005,0.6661467516101169,0.8710372628751317,0.532224128013429,0.028521375407142453,0.5370650939541,1.2634930467907786,0.0,2.1391337531674397,0.4937105066367634,1.524171151914608,2.622776721013012,1.3230407442435985,2.1080673567947352,1.6887738297623498,0.10163967009497833,0.6617645032977264,1.2794270726304733,1.0510733106816534,-0.15148205369365902,-0.033740678294500066,-0.038709409895361716,0.05758894624767273,0.02475225078328328,-,-,-,-
W,-,-,-,-,-,-,-,-,-,-,-,-,-,-,-,-,-,-,-,-,-,0.045568479286941556,-0.00991078344174497,0.036447603027506124,0.9160230006668402,0.4428270182835663,0.5041689664146308,0.47132647462921895,0.25236898475348507,0.18220503418315026,0.9882714176844396,0.6868151405299798,0.11616213757665653,0.02766290475590835,0.6187339477347418,2.564141638364058,1.2934627009564463,0.04028739874212133,0.14122836844692416,0.5800188662775005,0.7288755187166056,0.11035326008571526,0.31846228606275695,0.00957103327890286,0.9412832397978952,0.0671051245326006,0.09600857451070746,0.10343345859085785,0.2059288794889476,0.9876565095525762,0.17298491713777697,1.130195850317142,0.2538273880928612,1.2166095455662518,0.9317186666536692,0.03348790685403909,1.6366755031243572,1.7490782666236804,0.31368241554222204,0.34851556310223686,0.6400795014502624,0.4075607162670573,0.5392297535584385,1.524171151914608,1.6500406124884446,0.7493373377445756,2.1819132850296925,0.351263000325277,0.6523023697671005,0.6661467516101169,0.8710372628751317,0.5971089233853524,0.028521375407142453,0.5370650939541,1.278935085325938,0.21536041199320474,2.1391337531674397,0.4937105066367634,1.524171151914608,2.622776721013012,1.3230407442435985,2.1080673567947352,1.6969118797664244,0.10163967009497833,0.6617645032977264,1.289023346729587,1.0510733106816534,0.054859222698186286,0.03460760527775923,0.006929098143378699,0.07219147510261226,0.02475225078328328,-,-,-,-
Y,-,-,-,-,-,-,-,-,-,-,-,-,-,-,-,-,-,-,-,-,-,0.045568479286941556,-0.04728154294293302,-0.17886850000972943,0.9160230006668402,0.4428270182835663,0.5041689664146308,0.47132647462921895,0.25236898475348507,0.18220503418315026,0.9882714176844396,0.6868151405299798,0.11616213757665653,0.02766290475590835,0.6187339477347418,2.564141638364058,1.2934627009564463,0.04028739874212133,0.14122836844692416,0.5800188662775005,0.7288755187166056,0.11035326008571526,0.31846228606275695,0.00957103327890286,0.9412832397978952,0.0671051245326006,0.09600857451070746,0.10343345859085785,0.2059288794889476,0.9821172143360861,0.17298491713777697,1.130195850317142,0.2538273880928612,1.2166095455662518,0.9317186666536692,0.03348790685403909,1.6366755031243572,1.7490782666236804,0.31368241554222204,0.34851556310223686,0.6400795014502624,0.4075607162670573,0.5392297535584385,1.524171151914608,1.6347334488907612,0.7493373377445756,2.1819132850296925,0.351263000325277,0.6523023697671005,0.6661467516101169,0.8710372628751317,0.5971089233853524,-0.5108706074408516,0.5370650939541,1.278935085325938,0.20484953897720748,2.1391337531674397,0.4937105066367634,1.524171151914608,2.622776721013012,1.3230407442435985,2.1080673567947352,1.6969118797664244,0.10163967009497833,0.6617645032977264,1.289023346729587,1.0510733106816534,0.054859222698186286,0.03460760527775923,0.006929098143378699,0.06168060208661495,0.02475225078328328,-,-,-,-
V,-,-,-,-,-,-,-,-,-,-,-,-,-,-,-,-,-,-,-,-,-,0.045568479286941556,0.10573129009475435,-0.09942924465607622,0.9160230006668402,0.4428270182835663,0.5041689664146308,0.4575171660698841,0.25236898475348507,0.16625117918245275,0.9882714176844396,0.6704656494473926,0.11616213757665653,0.02766290475590835,0.6187339477347418,2.564141638364058,1.2934627009564463,0.035727674547875704,0.14122836844692416,0.5585932757665426,0.7288755187166056,0.11035326008571526,0.10411248888130516,0.00957103327890286,0.9305229756912705,0.0671051245326006,0.09600857451070746,0.05076278307721003,0.17877051287230453,0.9876565095525762,0.1639918515359026,1.130195850317142,0.10900307398826418,1.2166095455662518,0.9317186666536692,0.0,1.6366755031243572,1.7490782666236804,0.31368241554222204,0.2619255093055154,0.6400795014502624,0.3591686219343055,0.5006875393219157,1.524171151914608,1.6500406124884446,0.7493373377445756,2.1819132850296925,0.351263000325277,0.6523023697671005,0.6661467516101169,0.8710372628751317,0.5971089233853524,0.028521375407142453,0.5047291186619753,1.278935085325938,0.21536041199320474,2.1391337531674397,0.37180364143711575,1.524171151914608,2.622776721013012,1.3230407442435985,2.1080673567947352,1.6881785736895938,-0.0010670038878786564,0.6617645032977264,1.273548889039584,1.0510733106816534,0.054859222698186286,-0.01751087350402796,0.006929098143378699,0.07219147510261226,0.02475225078328328,-,-,-,-
